{
  "args": {
    "data_dir": "data/UCI_HAR_Dataset",
    "split": "subject",
    "sensors": "both",
    "seed": 42
  },
  "val_metrics": {
    "accuracy": 0.6489122280570142,
    "macro_f1": 0.6009222532621548
  },
  "test_metrics": {
    "accuracy": 0.5109580463368817,
    "macro_f1": 0.4930785164544025
  },
  "n_train": 7369,
  "n_val": 1333,
  "n_test": 1597,
  "train_subjects": 21,
  "val_subjects": 4,
  "test_subjects": 5
}