Sensor Setting,Accuracy,Macro-F1
Accel + Gyro (Both),0.8403256105197244,0.8449341386718897
Accel only,0.8278021289918598,0.8314926704587341
Gyro only,0.6599874765184721,0.6575724575001525
